panel,n,sigma_min,sigma_max,rho_min,rho_max,T_min,T_max
train,20,0.15,0.4,0.002,0.1425418374445511,0.35,1.75
validation,8,0.15,0.4,0.002,0.08149817163822778,0.35,1.75
report,14,0.15,0.4,0.002,0.15,0.3707830754614286,1.727930866559071
